Chain_Name,Brand_Type,Centre_City,Centre_Location,State,Tier,Address_Detail,Approx_Lat,Approx_Lon,IVF_Cost_INR_Low,IVF_Cost_INR_High,IUI_Cost_INR,Year_Established,Centres_Nationwide,Key_Doctors,Gynoveda_City_Overlap,Proximity_to_Gynoveda_Clinic,Notes
Indira IVF,National Chain,Mumbai,Dadar,Maharashtra,Metro,"Indira IVF, Dadar, Mumbai",19.0176,72.8562,150000,250000,15000,2011,165,Dr. Sarah Zaidi,Yes,Same locality as Gynoveda Dadar,Largest IVF chain in India
Indira IVF,National Chain,Mumbai,Bhandup,Maharashtra,Metro,"Bhandup, Mumbai",19.148,72.937,150000,250000,15000,2011,165,Dr. Rinoy,Yes,~15km from nearest Gynoveda,
Indira IVF,National Chain,Mumbai,Andheri,Maharashtra,Metro,"New Link Rd, Andheri West",19.1197,72.8464,150000,250000,15000,2011,165,,Yes,~5km from Malad,
Indira IVF,National Chain,Mumbai,Borivali,Maharashtra,Metro,"Western Express Hwy, Borivali E",19.2307,72.8567,150000,250000,15000,2011,165,,Yes,~8km from Malad,
Indira IVF,National Chain,Delhi,West Patel Nagar,Delhi,Metro,"Opp Metro Pillar 199, Patel Nagar",28.6519,77.1663,120000,200000,12000,2011,165,,Yes,~10km from Lajpat Nagar,
Indira IVF,National Chain,Delhi,Lajpat Nagar,Delhi,Metro,"B-24, Lala Lajpat Rai Marg",28.5706,77.237,120000,200000,12000,2011,165,,Yes,Same locality as Gynoveda,Direct competitor overlap
Indira IVF,National Chain,Bengaluru,JP Nagar,Karnataka,Metro,"Near Bangalore Central Mall, JP Nagar",12.9065,77.5857,130000,220000,13000,2011,165,,Yes,Same locality as Gynoveda JP Ng,Direct competitor overlap
Indira IVF,National Chain,Bengaluru,Rajaji Nagar,Karnataka,Metro,"1st Main Rd, Rajaji Nagar",12.9917,77.5558,130000,220000,13000,2011,165,,Yes,~8km from Gynoveda Whitefield,
Indira IVF,National Chain,Bengaluru,Indiranagar,Karnataka,Metro,"CMH Road, Near Metro Station",12.9784,77.6408,130000,220000,13000,2011,165,,Yes,~15km from JP Nagar,
Indira IVF,National Chain,Bengaluru,Kalyan Nagar,Karnataka,Metro,"HRBR Layout, Near Hennur Cross",13.022,77.637,130000,220000,13000,2011,165,,Yes,~5km from Whitefield,
Indira IVF,National Chain,Hyderabad,Madhapur,Telangana,Tier-1,"Madhapur, Hyderabad",17.4505,78.3827,120000,200000,12000,2011,165,,Yes,Same locality as Gynoveda,Direct competitor overlap
Indira IVF,National Chain,Pune,Kothrud,Maharashtra,Tier-1,Pune,18.5074,73.8077,130000,220000,13000,2011,165,,Yes,~8km from Viman Nagar,
Indira IVF,National Chain,Kolkata,Salt Lake,West Bengal,Metro,"Salt Lake, Kolkata",22.5811,88.417,110000,180000,10000,2011,165,,Yes,~10km from Ballygunge,
Indira IVF,National Chain,Chennai,Anna Nagar,Tamil Nadu,Metro,"Anna Nagar, Chennai",13.085,80.2101,120000,200000,12000,2011,165,,Yes,Same locality as Gynoveda Anna Ng,Direct competitor overlap
Indira IVF,National Chain,Ahmedabad,Ahmedabad,Gujarat,Tier-1,Ahmedabad,23.0225,72.5714,120000,200000,12000,2011,165,,Yes,~5km from Badakdev,
Indira IVF,National Chain,Lucknow,Lucknow,Uttar Pradesh,Tier-1,Lucknow,26.8467,80.9462,100000,180000,10000,2011,165,,Yes,Near Gynoveda clinics,
Indira IVF,National Chain,Jaipur,Jaipur,Rajasthan,Tier-1,Jaipur,26.9124,75.7873,100000,180000,10000,2011,165,,Yes,Near LalKothi,
Indira IVF,National Chain,Indore,AB Road,Madhya Pradesh,Tier-2,"AB Rd, behind C21 Mall, Scheme 54",22.7196,75.8577,100000,180000,10000,2011,165,Dr. Vinita Vyas,Yes,Same road as Gynoveda,Direct competitor overlap
Indira IVF,National Chain,Patna,Patna,Bihar,Tier-2,Patna,25.6093,85.1376,90000,160000,8000,2011,165,,Yes,Near KankarBagh,
Indira IVF,National Chain,Varanasi,Varanasi,Uttar Pradesh,Tier-2,Varanasi,25.3176,82.9739,90000,160000,8000,2011,165,,Yes,Near Mahmoorganj,
Indira IVF,National Chain,Ranchi,Ranchi,Jharkhand,Tier-2,Ranchi,23.3441,85.3096,90000,160000,8000,2011,165,,Yes,Near Kanka,
Indira IVF,National Chain,Nashik,Nashik,Maharashtra,Tier-2,Nashik,19.9975,73.7898,100000,180000,10000,2011,165,,Yes,Near Canada Corner,
Indira IVF,National Chain,Surat,Surat,Gujarat,Tier-2,Surat,21.1702,72.8311,100000,180000,10000,2011,165,,Yes,Near Vesu/Adajan,
Indira IVF,National Chain,Bhopal,Bhopal,Madhya Pradesh,Tier-3,Bhopal,23.2599,77.4126,90000,160000,8000,2011,165,,Yes,Near Arera Cly,
Indira IVF,National Chain,Guwahati,Guwahati,Assam,Tier-2,Guwahati,26.1445,91.7362,90000,160000,8000,2011,165,,Yes,Near ABC Point,
Indira IVF,National Chain,Moradabad,Moradabad,Uttar Pradesh,Metro(NCR),Moradabad,28.8386,78.7733,80000,150000,8000,2011,165,,Yes,Near Begambagh,
Nova IVF Fertility,National Chain,Mumbai,Andheri West,Maharashtra,Metro,"Sharayan Audeus Bldg, Veera Desai Rd",19.1197,72.8464,120000,250000,9000,2011,83,Dr. Sulbha Arora,Yes,~5km from Malad,Part of TPG-backed AHH
Nova IVF Fertility,National Chain,Mumbai,Chembur,Maharashtra,Metro,"Corporate Park, Sion Trombay Rd",19.0622,72.9005,120000,250000,9000,2011,83,,Yes,~15km from Dadar,
Nova IVF Fertility,National Chain,Mumbai,Mira Road,Maharashtra,Metro,"NG Estate, Mira Bhayander Rd",19.2813,72.8684,120000,250000,9000,2011,83,,Yes,Same locality as Gynoveda Mira Rd,Direct competitor overlap
Nova IVF Fertility,National Chain,Mumbai,Vashi,Maharashtra,Metro,"Sector 17, Vashi, Navi Mumbai",19.0771,72.9986,120000,250000,9000,2011,83,,Yes,~10km from Kharghar,
Nova IVF Fertility,National Chain,Mumbai,Thane,Maharashtra,Metro,"Hiranandani Meadows, Pokhran Rd 2",19.2183,72.9781,120000,250000,9000,2011,83,,Yes,Same city as Gynoveda Thane,
Nova IVF Fertility,National Chain,Mumbai,Bandra West,Maharashtra,Metro,"Waterfield Road, Bandra West",19.0544,72.8295,120000,250000,9000,2011,83,,Yes,~10km from Dadar,
Nova IVF Fertility,National Chain,Delhi,Rajouri Garden,Delhi,Metro,"GN-14, Rajouri Garden",28.649,77.121,120000,250000,10000,2011,83,,Yes,Same area as Gynoveda Rajouri,Direct competitor overlap
Nova IVF Fertility,National Chain,Pune,Baner,Maharashtra,Tier-1,"Balewadi High St, Baner",18.5642,73.7769,120000,250000,10000,2011,83,,Yes,~12km from Viman Nagar,
Nova IVF Fertility,National Chain,Pune,Kharadi,Maharashtra,Tier-1,"Valkan Society, Kharadi",18.553,73.9432,120000,250000,10000,2011,83,,Yes,~5km from Viman Nagar,
Nova IVF Fertility,National Chain,Bengaluru,Koramangala,Karnataka,Metro,"Opus, 143, 1st Cross, 5th Block",12.9352,77.6245,130000,250000,10000,2011,83,Dr. Mahesh Koregol,Yes,~10km from JP Nagar,
Nova IVF Fertility,National Chain,Hyderabad,Banjara Hills,Telangana,Tier-1,"Banjara Hills, Hyderabad",17.4156,78.4347,110000,220000,10000,2011,83,,Yes,~5km from Madhapur/Kalasiguda,
Nova IVF Fertility,National Chain,Hyderabad,Kukatpally,Telangana,Tier-1,"Kukatpally, Hyderabad",17.4849,78.3988,110000,220000,10000,2011,83,,Yes,~10km from Madhapur,
Nova IVF Fertility,National Chain,Kolkata,Kolkata,West Bengal,Metro,Kolkata,22.5726,88.3639,100000,200000,9000,2011,83,,Yes,Near Ballygunge/New Town,
Nova IVF Fertility,National Chain,Ahmedabad,Ahmedabad,Gujarat,Tier-1,Ahmedabad,23.0225,72.5714,110000,220000,9000,2011,83,,Yes,Near Badakdev,
Nova IVF Fertility,National Chain,Chennai,Chennai,Tamil Nadu,Metro,Chennai,13.0827,80.2707,120000,240000,10000,2011,83,,Yes,Near Anna Nagar,
Nova IVF Fertility,National Chain,Indore,Vijaynagar,Madhya Pradesh,Tier-2,"NRK Business Park, Scheme 54",22.725,75.882,100000,200000,9000,2011,83,,Yes,Near AB Rd Gynoveda,
Nova IVF Fertility,National Chain,Surat,Surat,Gujarat,Tier-2,Surat,21.1702,72.8311,100000,200000,9000,2011,83,,Yes,Near Vesu/Adajan,
Nova IVF Fertility,National Chain,Lucknow,Lucknow,Uttar Pradesh,Tier-1,Lucknow,26.8467,80.9462,100000,200000,9000,2011,83,,Yes,Near Gomati/Alambagh,
Nova IVF Fertility,National Chain,Jaipur,Jaipur,Rajasthan,Tier-1,Jaipur,26.9124,75.7873,100000,200000,9000,2011,83,,Yes,Near LalKothi,
Nova IVF Fertility,National Chain,Patna,Patna,Bihar,Tier-2,Patna,25.6093,85.1376,90000,180000,8000,2011,83,,Yes,Near KankarBagh,
Nova IVF Fertility,National Chain,Ranchi,Ranchi,Jharkhand,Tier-2,Ranchi,23.3441,85.3096,90000,180000,8000,2011,83,,Yes,Near Kanka,
Nova IVF Fertility,National Chain,Raipur,Raipur,Chhattisgarh,Tier-2,Raipur,21.2514,81.6296,90000,180000,8000,2011,83,,Yes,Near Shankar Ng,
Nova IVF Fertility,National Chain,Bhopal,Bhopal,Madhya Pradesh,Tier-3,Bhopal,23.2599,77.4126,90000,180000,8000,2016,83,,Yes,Near Arera Cly,
Nova IVF Fertility,National Chain,Siliguri,Siliguri,West Bengal,Tier-2,Siliguri,26.7271,88.3953,80000,160000,7000,2011,83,,Yes,Near Sevoke Rd,
Birla Fertility & IVF,National Chain,Mumbai,Prabhadevi,Maharashtra,Metro,Near Siddhivinayak Temple,19.0169,72.8287,150000,250000,15000,2020,50,Dr. Navina Singh,Yes,~3km from Dadar,CK Birla Group; expanding 4 more in Mumbai
Birla Fertility & IVF,National Chain,Delhi,Punjabi Bagh,Delhi,Metro,Inside CK Birla Hospital,28.6687,77.1322,140000,250000,14000,2020,50,,Yes,~8km from Rajouri Garden,
Birla Fertility & IVF,National Chain,Delhi,Dwarka,Delhi,Metro,"Wadhwa Plaza III, Sector 10",28.5921,77.046,140000,250000,14000,2020,50,,Yes,~15km from Lajpat Nagar,
Birla Fertility & IVF,National Chain,Gurgaon,Sector 51,Haryana,Metro,"Sector 51, Gurgaon",28.4295,77.0412,140000,250000,14000,2020,50,,Yes,Same sector as Gynoveda Sec-46,
Birla Fertility & IVF,National Chain,Kolkata,Bhowanipore,West Bengal,Metro,"Bhowanipore, Kolkata",22.5252,88.3444,110000,200000,12000,2020,50,,Yes,~3km from Ballygunge,
Birla Fertility & IVF,National Chain,Kolkata,New Town,West Bengal,Metro,"ABC Square, Near Mangaldeep Metro",22.5958,88.4829,110000,200000,12000,2020,50,,Yes,Same locality as Gynoveda New Town,Direct competitor overlap
Birla Fertility & IVF,National Chain,Kolkata,Howrah,West Bengal,Metro,"Platina Mall, Nityadhan Mukherjee Rd",22.5958,88.3119,110000,200000,12000,2020,50,,Yes,Same city as Gynoveda Howrah,
Birla Fertility & IVF,National Chain,Hyderabad,Gachibowli,Telangana,Tier-1,"Care Crystal Bldg, Old Mumbai Hwy",17.4401,78.3489,120000,220000,12000,2020,50,,Yes,~5km from Madhapur,
Birla Fertility & IVF,National Chain,Lucknow,Hazratganj,Uttar Pradesh,Tier-1,"Hazratganj, Lucknow",26.8509,80.9458,100000,200000,10000,2020,50,,Yes,Near Gomati Nagar,
Birla Fertility & IVF,National Chain,Ahmedabad,Navrangpura,Gujarat,Tier-1,"Swastik Cross Rd, Navrangpura",23.036,72.561,110000,200000,10000,2020,50,,Yes,~3km from Badakdev,
Birla Fertility & IVF,National Chain,Patna,Bailey Road,Bihar,Tier-2,"Opposite Pillar 54, Bailey Rd",25.612,85.158,90000,180000,8000,2020,50,,Yes,Near KankarBagh,
Birla Fertility & IVF,National Chain,Bhubaneswar,Saheed Nagar,Odisha,Tier-2,"Anuj Times Square, Janpath Rd",20.2961,85.8245,90000,180000,8000,2020,50,,Yes,Same area as Gynoveda Janpath,Direct competitor overlap
Birla Fertility & IVF,National Chain,Nagpur,Nagpur,Maharashtra,Tier-2,Nagpur,21.1458,79.0882,90000,180000,8000,2020,50,,Yes,Near Dharam,
Birla Fertility & IVF,National Chain,Prayagraj,Civil Station,Uttar Pradesh,Tier-2,"Vinayak City Square, Sardar Patel Marg",25.4358,81.8463,80000,160000,8000,2020,50,,Yes,Near Elegin Rd,
Birla Fertility & IVF,National Chain,Kozhikode,Kozhikode,Kerala,Tier-2,"BMT Center, Mini Bypass Rd",11.2588,75.7804,100000,200000,10000,2020,50,,No,Expansion target city,Via ARMC IVF acquisition
Birla Fertility & IVF,National Chain,Thrissur,Thrissur,Kerala,Tier-2,"Falkland Tower, Ayyanthole",10.5276,76.2144,100000,200000,10000,2020,50,,No,Expansion target state,Via ARMC IVF acquisition
Bloom IVF,Regional Chain,Mumbai,Bandra West,Maharashtra,Metro,"Lilavati Hospital, Bandra Reclamation Rd",19.0544,72.8295,140000,250000,10000,1995,15,Dr. Nandita Palshetkar,Yes,~10km from Dadar,Pioneer chain since 1995
Bloom IVF,Regional Chain,Mumbai,Andheri East,Maharashtra,Metro,"Andheri East, Mumbai",19.1197,72.87,140000,250000,10000,1995,15,,Yes,~5km from Malad,
Gaudium IVF,National Chain,Delhi,Kailash Colony,Delhi,Metro,"Kailash Colony, Delhi",28.5554,77.2403,150000,250000,15000,2009,7,Dr. Manika Khanna,Yes,~2km from Lajpat Nagar,No.1 ranked by Times Health 2024
Gaudium IVF,National Chain,Delhi,Janakpuri,Delhi,Metro,"Block B1, Janakpuri",28.6222,77.0815,150000,250000,15000,2009,7,,Yes,~12km from Rajouri Garden,
Gaudium IVF,National Chain,Mumbai,Mumbai,Maharashtra,Metro,Mumbai,19.076,72.8777,150000,250000,15000,2009,7,,Yes,Multiple overlaps,
Gaudium IVF,National Chain,Bengaluru,Bengaluru,Karnataka,Metro,Bengaluru,12.9716,77.5946,150000,250000,15000,2009,7,,Yes,Multiple overlaps,
Gaudium IVF,National Chain,Patna,Patna,Bihar,Tier-2,Patna,25.6093,85.1376,100000,200000,10000,2009,7,,Yes,Near KankarBagh,
Gaudium IVF,National Chain,Ludhiana,Ludhiana,Punjab,Tier-2,Ludhiana,30.901,75.8573,100000,200000,10000,2009,7,,Yes,Near Gurudev Ng,
Apollo Fertility,Hospital Chain,Chennai,Anna Nagar,Tamil Nadu,Metro,"75, 6th Ave, Anna Nagar",13.085,80.2101,150000,300000,15000,2015,22,,Yes,Same locality as Gynoveda,Direct overlap
Apollo Fertility,Hospital Chain,Hyderabad,Hyderabad,Telangana,Tier-1,Hyderabad,17.385,78.4867,130000,280000,13000,2015,22,,Yes,Near Madhapur/Kalasiguda,
Apollo Fertility,Hospital Chain,Delhi,Delhi,Delhi,Metro,Delhi,28.6139,77.209,140000,300000,14000,2015,22,,Yes,Multiple overlaps,
Apollo Fertility,Hospital Chain,Bengaluru,Bengaluru,Karnataka,Metro,Bengaluru,12.9716,77.5946,140000,300000,14000,2015,22,,Yes,Multiple overlaps,
Apollo Fertility,Hospital Chain,Kolkata,Kolkata,West Bengal,Metro,Kolkata,22.5726,88.3639,110000,250000,11000,2015,22,,Yes,Near Ballygunge/New Town,
Apollo Fertility,Hospital Chain,Mumbai,Mumbai,Maharashtra,Metro,Mumbai,19.076,72.8777,150000,300000,15000,2015,22,,Yes,Multiple overlaps,
Saraogi Hospital/IRIS IVF,Local Specialist,Mumbai,Malad West,Maharashtra,Metro,"Khetan Apt, SV Road, Opp Telephone Exchange",19.1874,72.8484,90000,150000,21000,2000,3,Dr. Mohit Saraogi,Yes,SAME LOCALITY as Gynoveda Malad,Closest direct competitor to Malad clinic
Cloudnine Fertility,Hospital Chain,Bengaluru,Bengaluru,Karnataka,Metro,"Multiple locations, Bangalore",12.9716,77.5946,150000,280000,15000,2007,38,,Yes,Multiple overlaps,38 centres across 12 cities
Cloudnine Fertility,Hospital Chain,Mumbai,Mumbai,Maharashtra,Metro,Mumbai,19.076,72.8777,150000,280000,15000,2007,38,,Yes,Multiple overlaps,
Cloudnine Fertility,Hospital Chain,Chennai,Chennai,Tamil Nadu,Metro,Chennai,13.0827,80.2707,140000,260000,14000,2007,38,,Yes,Near Anna Nagar,
Cloudnine Fertility,Hospital Chain,Pune,Pune,Maharashtra,Tier-1,Pune,18.5204,73.8567,130000,250000,13000,2007,38,,Yes,Near Viman/PCMC,
Bavishi Fertility,Regional Specialist,Mumbai,Multiple,Maharashtra,Metro,"Andheri, Thane, Vashi",19.1197,72.8464,140000,250000,12000,1990,5,,Yes,Multiple MMR locations,National first with vitrified frozen eggs
IVF Spring,Local Specialist,Mumbai,Dadar,Maharashtra,Metro,"Dadar, Mumbai",19.0176,72.8562,120000,200000,10000,2015,2,,Yes,Same locality as Gynoveda Dadar,
Jilla IVF,Local Specialist,Mumbai,Mumbai,Maharashtra,Metro,Mumbai,19.076,72.8777,100000,180000,8000,2000,2,,Yes,"24 years experience, low cost",
Nova IVF Fertility,National Chain,Coimbatore,Peelamedu,Tamil Nadu,Tier-2,Avinashi Road Peelamedu West Coimbatore 641004,11.0168,76.9558,90000,180000,12000,,83,,No,N/A - New city,
Nova IVF Fertility,National Chain,Coimbatore,Singanallur,Tamil Nadu,Tier-2,MM Tower Kamarajar Rd Singanallur 641015,10.9925,76.9696,90000,180000,12000,,83,,No,N/A - New city,
Dr. Aravinds IVF,Local Specialist,Coimbatore,Ganapathy,Tamil Nadu,Tier-2,Mettupalayam Rd Ganapathy Coimbatore,11.034,76.959,,,,,,,No,N/A - New city,Multi-branch local chain
Iswarya Fertility,Regional Chain,Coimbatore,Ram Nagar,Tamil Nadu,Tier-2,Coimbatore,11.0168,76.9558,,,,,,,No,N/A - New city,Regional chain across TN
Feto IVF,Local Specialist,Coimbatore,Coimbatore,Tamil Nadu,Tier-2,Coimbatore,11.0168,76.9558,,,,,,,No,N/A - New city,
Motherhood IVF,Hospital Chain,Coimbatore,Coimbatore,Tamil Nadu,Tier-2,Coimbatore,11.0168,76.9558,,,,,,,No,N/A - New city,Hospital chain fertility wing
IVF Access,Local Specialist,Coimbatore,Coimbatore,Tamil Nadu,Tier-2,Coimbatore,11.0168,76.9558,,,,,,,No,N/A - New city,
CIMAR,Regional Specialist,Coimbatore,Coimbatore,Tamil Nadu,Tier-2,Coimbatore,11.0168,76.9558,,,,,3,,No,N/A - New city,Satellite of Kochi CIMAR
Indira IVF,National Chain,Jamshedpur,Adityapur,Jharkhand,Tier-2,Dayal Trade Centre Shere Punjab Chowk Adityapur 831013,22.784,86.1836,150000,250000,20000,,165,Dr. Vandana Varma,No,N/A - New city,
Care IVF,Local Specialist,Jamshedpur,Bistupur,Jharkhand,Tier-2,Michael John Tower Bistupur 831001,22.7868,86.1891,,,,,,Dr. Rajeev Agarwal,No,N/A - New city,
JFEC Sparsh IVF,Local Specialist,Jamshedpur,Sakchi,Jharkhand,Tier-2,Chandra Centre Kalimati Road Sakchi 831001,22.7873,86.203,150000,250000,20000,,,,No,N/A - New city,
Renew Healthcare,Local Specialist,Jamshedpur,Jamshedpur,Jharkhand,Tier-2,Jamshedpur,22.8046,86.2029,,,,,,,No,N/A - New city,
Manasi IVF,Regional Specialist,Jamshedpur,Kasidih,Jharkhand,Tier-2,Kasidih Jamshedpur,22.7873,86.203,,,,,,,No,N/A - New city,Also in Moradabad
Indira IVF,National Chain,Jabalpur,Model Road,Madhya Pradesh,Tier-2,4th Floor Above Pantaloons Shastri Bridge Model Road 482001,23.1815,79.9864,150000,250000,20000,,165,Dr. Shubhali Sharma,No,N/A - New city,
Ideal Fertility,Local Specialist,Jabalpur,South Civil Lines,Madhya Pradesh,Tier-2,54 Station Rd South Civil Lines 482001,23.1679,79.93,,,,,,Dr. DPankar Banerji,No,N/A - New city,Genetic centre
SAI Hospital IVF,Local Specialist,Jabalpur,Kanchghar,Madhya Pradesh,Tier-2,Kanchghar Jabalpur,23.1815,79.9864,95000,200000,,,,,No,N/A - New city,Affordable IVF
Ankur Fertility,Local Specialist,Jabalpur,Sanjeevani Nagar,Madhya Pradesh,Tier-2,694 Durga Colony Road Sanjeevani Nagar 482002,23.1815,79.9864,,,,,,,No,N/A - New city,
SRI IVF,Local Specialist,Patiala,Patiala,Punjab,Tier-2,Patiala Punjab,30.3398,76.3869,,,,,,Dr. Madhvi Arora Sethi,No,N/A - New city,
Medlink IVF,Local Specialist,Patiala,Patiala,Punjab,Tier-2,Patiala Punjab,30.3398,76.3869,,,,,,,No,N/A - New city,
Cheema Infertility,Local Specialist,Patiala,Ram Bagh Colony,Punjab,Tier-2,117 Ram Bagh Colony Leela Bhawan Road 147001,30.3398,76.3869,110000,180000,20000,,,,No,N/A - New city,Complete IVF lab
Dream IVF,Local Specialist,Patiala,Patiala,Punjab,Tier-2,Patiala Punjab,30.3398,76.3869,,,,,,,No,N/A - New city,
Nitin IVF,Local Specialist,Patiala,Patiala,Punjab,Tier-2,Patiala Punjab,30.3398,76.3869,,,,,,,No,N/A - New city,High IUI success rate
Reviva IVF,Regional Chain,Patiala,Patiala,Punjab,Tier-2,Patiala Punjab,30.3398,76.3869,,,,,,,No,N/A - New city,Chandigarh-based chain
CIMAR,Regional Chain,Kochi,Kochi,Kerala,Tier-2,Kochi Kerala,9.9312,76.2673,,,,,3,,No,N/A - New city,15+ years; branches Edappal Thrissur
Lifeline Hospital,Hospital Chain,Kochi,Ernakulam,Kerala,Tier-2,Ernakulam Kochi,9.9312,76.2673,,,,2005,,,No,N/A - New city,20+ years fertility care
YANA-EMC Fertility,Regional Chain,Kochi,Ernakulam,Kerala,Tier-2,EMC Hospital Ernakulam,9.9312,76.2673,,,,,,,No,N/A - New city,Partnership with EMC Hospital
Goodwill IVF,Local Specialist,Kochi,Kochi,Kerala,Tier-2,Kochi Kerala,9.9312,76.2673,,,,,,,No,N/A - New city,
Babycradle IVF,Local Specialist,Kochi,Ernakulam,Kerala,Tier-2,Ernakulam Kochi,9.9312,76.2673,,,,,,,No,N/A - New city,
Amrita Fertility,Hospital Chain,Kochi,Vytila,Kerala,Tier-2,NH Bypass Service Road Ponnurunni Vytila,9.953,76.3168,,,,,,,No,N/A - New city,Amrita Hospital fertility wing
Kinder Hospital,Local Specialist,Kochi,Kochi,Kerala,Tier-2,Kochi Kerala,9.9312,76.2673,,,,,,,No,N/A - New city,
CRAFT IVF,Regional Chain,Kochi,Kochi,Kerala,Tier-2,Kochi Kerala,9.9312,76.2673,,,,,2,,No,N/A - New city,Branches Kochi and Kodungallur
VMC Fertility,Local Specialist,Kochi,Kochi,Kerala,Tier-2,Kochi Kerala,9.9312,76.2673,,,,,,,No,N/A - New city,Vijayalakshmi Medical Centre
Bliss Fertility,Regional Chain,Kochi,Kochi,Kerala,Tier-2,Kochi Kerala,9.9312,76.2673,,,,,,,No,N/A - New city,Multi-location chain
Aster Medcity,Hospital Chain,Kochi,Kochi,Kerala,Tier-2,40-acre campus Kochi,9.9312,76.2673,,,,,,,No,N/A - New city,670-bed quaternary hospital
Indira IVF,National Chain,Jodhpur,Sardarpura,Rajasthan,Tier-2,Shanti One Plot 39 11th A Rd Sardarpura 342001,26.2389,73.0243,,,,,165,,No,N/A - New city,
Vasundhara IVF,Regional Chain,Jodhpur,Chopasni,Rajasthan,Tier-2,Sector 11 Nandanwan Chopasni Housing Board,26.2389,73.0243,,,,,,,No,N/A - New city,29+ years healthcare multi-city
Preksha Chetna IVF,Local Specialist,Jodhpur,Jodhpur,Rajasthan,Tier-2,Jodhpur,26.2389,73.0243,,,,2002,,,No,N/A - New city,First IVF in Rajasthan outside Jaipur
Neelkanth IVF,Local Specialist,Jodhpur,Jodhpur,Rajasthan,Tier-2,Jodhpur,26.2389,73.0243,,,,,,,No,N/A - New city,
Birla Fertility & IVF,National Chain,Mangalore,Bendoor,Karnataka,Tier-2,Bendoor Mangalore,12.8698,74.8431,,,,,120,,No,N/A - New city,Formerly ARMC IVF; 120K+ cycles
Nova IVF Fertility,National Chain,Mangalore,Mangalore,Karnataka,Tier-2,Mangalore,12.8698,74.8431,,,,,83,,No,N/A - New city,
Manipal Hospital Fertility,Hospital Chain,Mangalore,Mangalore,Karnataka,Tier-2,Mangalore,12.8698,74.8431,,,,,,,No,N/A - New city,Manipal Hospitals fertility wing
Santhathi Fertility,Local Specialist,Mangalore,Mangalore,Karnataka,Tier-2,Mangalore,12.8698,74.8431,,,,,,,No,N/A - New city,
Indira IVF,National Chain,Mangalore,Mangalore,Karnataka,Tier-2,Mangalore,12.8698,74.8431,,,,,165,,No,N/A - New city,
AM Medical Centre,Regional Specialist,Agartala,Agartala,Tripura,Tier-3,Agartala Tripura,23.8315,91.2868,80000,150000,,2024,,,No,N/A - New city,Eastern India first IVF; NE branch 2024
Nightingale Nursing Home,Local Specialist,Agartala,Dhaleswar,Tripura,Tier-3,Dhaleswar Road No 13 Agartala,23.8315,91.2868,,,,,,,No,N/A - New city,
Daffodil IVF,Local Specialist,Agartala,Agartala,Tripura,Tier-3,Agartala Tripura,23.8315,91.2868,80000,150000,,,,,No,N/A - New city,
Indira IVF,National Chain,Bareilly,Civil Lines,Uttar Pradesh,Tier-2,Nijhawan Tower Station Road Civil Lines 243001,28.367,79.4304,150000,250000,20000,,165,Dr. Shivi Saxena,No,N/A - New city,
Nova IVF Fertility,National Chain,Bareilly,Pilibhit Bypass,Uttar Pradesh,Tier-2,Ground 1st Floor 90 Pilibhit Bypass Rd 243006,28.367,79.4304,,,,,83,Dr. Pallavi Bansal,No,N/A - New city,
Sunrise IVF,Local Specialist,Bareilly,Bareilly,Uttar Pradesh,Tier-2,Bareilly,28.367,79.4304,,,,,,Dr. Shabina Khan,No,N/A - New city,
Sewa Hospital IVF,Local Specialist,Bareilly,Bareilly,Uttar Pradesh,Tier-2,Bareilly,28.367,79.4304,,,,,,,No,N/A - New city,
Manas Clinic,Local Specialist,Bareilly,Bareilly,Uttar Pradesh,Tier-2,Bareilly,28.367,79.4304,,,,,,,No,N/A - New city,
Manasi IVF,Regional Specialist,Bareilly,Bareilly,Uttar Pradesh,Tier-2,Bareilly,28.367,79.4304,,,,,,,No,N/A - New city,Also serves Moradabad
Nova IVF Fertility,National Chain,Visakhapatnam,Ram Nagar,Andhra Pradesh,Tier-2,3rd Floor Navaratna Trade Centre Ram Nagar 530011,17.6868,83.2185,90000,150000,,,83,,No,N/A - New city,
Krishna IVF,Local Specialist,Visakhapatnam,Maharani Peta,Andhra Pradesh,Tier-2,14 ZP Junction Krishna Nagar Rd 530002,17.6868,83.2185,150000,200000,20000,1997,,Dr. G.A. Rama Raju,No,N/A - New city,First IVF and ICSI baby in AP
London IVF,Local Specialist,Visakhapatnam,KGH Down Road,Andhra Pradesh,Tier-2,Padmaja Plaza KGH Down Road 530002,17.6868,83.2185,110000,180000,20000,,,Dr. K. Chandra Reddy,No,N/A - New city,APs first state-of-art IVF
SiSu Fertility,Local Specialist,Visakhapatnam,KGH Down Road,Andhra Pradesh,Tier-2,18-1-65 KGH Down Rd 530002,17.6868,83.2185,,,,,,,No,N/A - New city,
Vizag IVF Centre,Local Specialist,Visakhapatnam,Visakhapatnam,Andhra Pradesh,Tier-2,Opp Veterinary Hospital Near Judge Court 530022,17.6868,83.2185,130000,180000,22000,2014,,Dr. B. Sireesha Rani,No,N/A - New city,Multi-location Gajuwaka Vizianagaram
Kutumb IVF,Local Specialist,Visakhapatnam,Visakhapatnam,Andhra Pradesh,Tier-2,Visakhapatnam,17.6868,83.2185,,,,,,,No,N/A - New city,
Akshaya IVF,Local Specialist,Visakhapatnam,Visakhapatnam,Andhra Pradesh,Tier-2,5th Floor Akshya Hospital 530016,17.6868,83.2185,,,,,,,No,N/A - New city,
Sri Hasa IVF,Local Specialist,Visakhapatnam,Visakhapatnam,Andhra Pradesh,Tier-2,Visakhapatnam,17.6868,83.2185,,,,1996,,,No,N/A - New city,Est. 1996 leading AP fertility centre
Iswarya Fertility,Regional Chain,Visakhapatnam,Ram Nagar,Andhra Pradesh,Tier-2,Ram Nagar Rd Nehru Nagar 530002,17.6868,83.2185,,,,,,,No,N/A - New city,
Indira IVF,National Chain,Jammu,Gulab Singh Road,Jammu & Kashmir,Tier-2,City Plaza Maharaja Gulab Singh Road 180001,32.7266,74.857,114000,253000,6000,,165,Dr. Poonam Pandotra,No,N/A - New city,
Grace Fertility,Local Specialist,Jammu,Trikuta Nagar,Jammu & Kashmir,Tier-2,Marble Market Rd Trikuta Nagar Jammu,32.7266,74.857,,,,,,,No,N/A - New city,
Janam Fertility,Local Specialist,Jammu,Sunjwan Road,Jammu & Kashmir,Tier-2,Tawi Shopping Complex Channi Himat 180011,32.7266,74.857,,,,2014,,,No,N/A - New city,
Indira IVF,National Chain,Srinagar,Karan Nagar,Jammu & Kashmir,Tier-2,2nd 3rd Floor Alnoor Complex Karan Nagar 190010,34.0837,74.7973,150000,250000,,,165,Dr. Ammar Khan,No,N/A - New city,
Gaudium IVF,National Chain,Srinagar,Hyderpora,Jammu & Kashmir,Tier-2,M A Plaza IG Road Main Chowk Hyderpora 190014,34.0837,74.7973,,,,2009,25,,No,N/A - New city,No.1 IVF by Times Health 2024
Birla Fertility & IVF,National Chain,Srinagar,Srinagar,Jammu & Kashmir,Tier-2,Srinagar,34.0837,74.7973,,,,,120,,No,N/A - New city,CK Birla Group 75K+ IVF cycles
Imprimis IVF,Local Specialist,Srinagar,Hyderpora,Jammu & Kashmir,Tier-2,S R Plaza Hyderpora Flyover 190014,34.0837,74.7973,,,,,,,No,N/A - New city,
Valley Fertility,Local Specialist,Srinagar,Karan Nagar,Jammu & Kashmir,Tier-2,Shaheen Plaza Karan Nagar 190010,34.0837,74.7973,,,,,,,No,N/A - New city,Shariah-compliant IVF
Pride IVF,Local Specialist,Srinagar,Karan Nagar,Jammu & Kashmir,Tier-2,Opp National School Gate Karan Nagar 190010,34.0837,74.7973,,,,,,,No,N/A - New city,43+ years combined experience
Harkaar IVF,Local Specialist,Srinagar,Srinagar,Jammu & Kashmir,Tier-2,Srinagar,34.0837,74.7973,,,,,,,No,N/A - New city,Largest IVF centre in JK
India IVF Centre,Regional Chain,Srinagar,Karan Nagar,Jammu & Kashmir,Tier-2,Royal Heritage Tower Karan Nagar 190010,34.0837,74.7973,,,,,,,No,N/A - New city,
Joyce IVF,Local Specialist,Srinagar,Lal Chowk,Jammu & Kashmir,Tier-2,NB House Exchange Road Lal Chowk 190001,34.0837,74.7973,,,,,,,No,N/A - New city,
Origyn Fertility,Local Specialist,Srinagar,Srinagar,Jammu & Kashmir,Tier-2,Srinagar,34.0837,74.7973,,,,,,,No,N/A - New city,High success rate claimed
Seeds of Innocens,Local Specialist,Shillong,Shillong,Meghalaya,Tier-3,Shillong Meghalaya,25.5788,91.8933,,,,,,,No,N/A - New city,IVF IUI test tube baby
Dr. Alok Deb Clinic,Local Specialist,Shillong,Dhankheti,Meghalaya,Tier-3,Dhankheti Malki Shillong 793003,25.5788,91.8933,,,,,,Dr. Alok Deb,No,N/A - New city,Registered under 2025 ART Law
Radhamanbi Fertility,Local Specialist,Imphal,Imphal West,Manipur,Tier-3,Imphal West Manipur,24.817,93.9368,120000,150000,,,,,No,N/A - New city,
Hope IVF Centre,Local Specialist,Imphal,Imphal West,Manipur,Tier-3,Imphal West Manipur,24.817,93.9368,,,,,,,No,N/A - New city,
Advance Hospital,Hospital Chain,Imphal,Imphal,Manipur,Tier-3,Advance Hospital Kripadashini Imphal,24.817,93.9368,,,,,,,No,N/A - New city,Hospital with fertility wing
New Life Fertility Centre,Local Specialist,Gangtok,Gangtok,Sikkim,Tier-3,Gangtok Sikkim,27.3389,88.6065,80000,150000,,,,,No,N/A - New city,Govt empanelled Sikkim recognized
Dr. R Prasad Clinic,Local Specialist,Gangtok,Vishal Gaon,Sikkim,Tier-3,Vishal Gaon Gangtok,27.3389,88.6065,,,,,,Dr. R Prasad,No,N/A - New city,Registered under 2025 ART Law
Indira IVF,National Chain,Gurugram,Sector 14,Haryana,Metro,SCO-24 Commercial Market Old Delhi Road Sec-14 Gurugram 122001,28.4595,77.0266,150000,250000,15000,,165,,Yes,Existing Gynoveda city,Two centres: Sec-14 and Sec-83
Indira IVF,National Chain,Gurugram,Sector 83,Haryana,Metro,Sector 83 Gurugram,28.4103,76.9570,150000,250000,15000,,165,,Yes,Existing Gynoveda city,
Nova IVF Fertility,National Chain,Gurugram,Sector 27,Haryana,Metro,Plot 522 Sector 27 Gurugram 122009,28.4595,77.0266,,,9000,,83,,Yes,Existing Gynoveda city,Southend Fertility partnership
Birla Fertility & IVF,National Chain,Gurugram,Gurugram,Haryana,Metro,Gurugram,28.4595,77.0266,,,,,120,,Yes,Existing Gynoveda city,CK Birla Group
Cloudnine Fertility,Hospital Chain,Gurugram,Gurugram,Haryana,Metro,Gurugram,28.4595,77.0266,,,,,38,,Yes,Existing Gynoveda city,Hospital chain fertility wing
SCI IVF Hospital,Local Specialist,Gurugram,Gurugram,Haryana,Metro,Gurugram,28.4595,77.0266,,,,,,,Yes,Existing Gynoveda city,
Indira IVF,National Chain,Chandigarh,Chandigarh,Chandigarh,Tier-1,Chandigarh,30.7333,76.7794,130000,220000,13000,,165,,Yes,Existing Gynoveda city,
Nova IVF Fertility,National Chain,Chandigarh,Chandigarh,Chandigarh,Tier-1,Chandigarh,30.7333,76.7794,,,,,83,,Yes,Existing Gynoveda city,
Cloudnine Fertility,Hospital Chain,Chandigarh,Chandigarh,Chandigarh,Tier-1,Chandigarh,30.7333,76.7794,,,,,38,,Yes,Existing Gynoveda city,
Aashakiran IVF,Regional Chain,Chandigarh,Mohali,Chandigarh,Tier-1,Mohali Chandigarh,30.7046,76.7179,,,,,,Dr. Asmita Mahla,Yes,Existing Gynoveda city,Punjabs No.1 IVF chain
Reviva IVF,Regional Chain,Chandigarh,Chandigarh,Chandigarh,Tier-1,Chandigarh,30.7333,76.7794,,,,,,,Yes,Existing Gynoveda city,Chandigarh-Patiala chain
Indira IVF,National Chain,Noida,Sector 18,Uttar Pradesh,Metro,Sector 18 Noida,28.5355,77.3910,130000,220000,12000,,165,,Yes,Existing Gynoveda city,70%+ success rate for specific age groups
Indira IVF,National Chain,Noida,Sector 35,Uttar Pradesh,Metro,A-1 Golf Course Road Sector 35 Noida 201301,28.5700,77.3600,130000,220000,12000,,165,,Yes,Existing Gynoveda city,
Nova IVF Fertility,National Chain,Noida,Noida,Uttar Pradesh,Metro,Noida,28.5355,77.3910,,,,,83,,Yes,Existing Gynoveda city,Part of Delhi-NCR network
Cloudnine Fertility,Hospital Chain,Noida,Noida,Uttar Pradesh,Metro,Noida,28.5355,77.3910,,,,,38,,Yes,Existing Gynoveda city,
Adam & Eve Fertility,Local Specialist,Noida,Noida,Uttar Pradesh,Metro,Noida,28.5355,77.3910,,,,,,,Yes,Existing Gynoveda city,
Zeeva Fertility,Local Specialist,Noida,Noida,Uttar Pradesh,Metro,Noida,28.5355,77.3910,,,,,,,Yes,Existing Gynoveda city,
Little Angel IVF,Local Specialist,Noida,Noida,Uttar Pradesh,Metro,Noida,28.5355,77.3910,,,,,,,Yes,Existing Gynoveda city,
Indira IVF,National Chain,Faridabad,Faridabad,Haryana,Tier-1,Faridabad Haryana,28.4089,77.3178,130000,220000,12000,,165,,Yes,Existing Gynoveda city,
Nova IVF Fertility,National Chain,Faridabad,Faridabad,Haryana,Tier-1,Faridabad,28.4089,77.3178,,,,,83,,Yes,Existing Gynoveda city,
Birla Fertility & IVF,National Chain,Faridabad,Faridabad,Haryana,Tier-1,Faridabad,28.4089,77.3178,,,,,120,,Yes,Existing Gynoveda city,
Indira IVF,National Chain,Meerut,Meerut,Uttar Pradesh,Tier-2,Eves Hospital Near Eves Crossing Meerut 250001,28.9845,77.7064,,,,,165,,Yes,Existing Gynoveda city,WHO 2025 fertility standards
Gaudium IVF,National Chain,Meerut,Meerut,Uttar Pradesh,Tier-2,Meerut,28.9845,77.7064,,,,,25,,Yes,Existing Gynoveda city,
Progenesis IVF,Regional Chain,Aurangabad,Mondha,Maharashtra,Tier-2,2nd Floor Sagar Trade Centre Jalna Road Mondha 431001,19.8762,75.3433,,,,,,,Yes,Existing Gynoveda city,Multi-city Maharashtra chain
Samarth IVF,Local Specialist,Aurangabad,Garkheda,Maharashtra,Tier-2,1 Srinagar Society Garkheda 431005,19.8762,75.3433,,,,,,Dr. Harshalata Laddha,Yes,Existing Gynoveda city,20K patients 5K IVF procedures
Jilla IVF,Local Specialist,Aurangabad,Central Naka,Maharashtra,Tier-2,84 Motiwala Nagar Central Naka Road 431001,19.8762,75.3433,,,,,,,Yes,Existing Gynoveda city,Also in Mumbai
Endoworld Hospital,Local Specialist,Aurangabad,Aurangabad,Maharashtra,Tier-2,Aurangabad,19.8762,75.3433,,,,,,,Yes,Existing Gynoveda city,Advanced fertility treatments
Aarogyam IVF,Local Specialist,Aurangabad,CIDCO,Maharashtra,Tier-2,N9 CIDCO Chhatrapati Sambhajinagar 431003,19.8762,75.3433,,,,,,,Yes,Existing Gynoveda city,
Indira IVF,National Chain,Navi Mumbai,Vashi,Maharashtra,Metro,Sea Queen Heritage Palm Beach Service Road Vashi 400705,19.0760,72.9981,150000,250000,15000,,165,,Yes,Existing Gynoveda city,
Nova IVF Fertility,National Chain,Navi Mumbai,Navi Mumbai,Maharashtra,Metro,Navi Mumbai,19.0760,72.9981,,,,,83,,Yes,Existing Gynoveda city,
Lifeline IVF,Local Specialist,Navi Mumbai,Panvel,Maharashtra,Metro,Panvel Navi Mumbai,19.0330,73.1088,,,,1999,5,,Yes,Existing Gynoveda city,10K+ IVF births since 1999; 5 branches
DY Patil IVF,Hospital Chain,Navi Mumbai,Navi Mumbai,Maharashtra,Metro,DY Patil Hospital Navi Mumbai,19.0440,73.0280,,,,,,Dr. Rohan Palshetkar,Yes,Existing Gynoveda city,Part of Bloom IVF Group
Progenesis IVF,Regional Chain,Navi Mumbai,Vashi,Maharashtra,Metro,Bhumiraj Costarica Palm Beach Road Vashi 400703,19.0760,72.9981,,,,,,,Yes,Existing Gynoveda city,
Progenesis IVF,Regional Chain,Thane,Manpada,Maharashtra,Metro,16 First Floor Dosti Imperia Ghodbunder Road Manpada Thane West 400607,19.2183,72.9781,,,,,,,Yes,Existing Gynoveda city,
Lifeline IVF,Local Specialist,Thane,Thane,Maharashtra,Metro,Thane,19.2183,72.9781,,,,,5,,Yes,Existing Gynoveda city,Branch of Panvel Lifeline IVF
Indira IVF,National Chain,Thane,Thane,Maharashtra,Metro,Thane,19.2183,72.9781,150000,250000,15000,,165,,Yes,Existing Gynoveda city,
Indira IVF,National Chain,Rajkot,Rajkot,Gujarat,Tier-2,Rajkot Gujarat,22.3039,70.8022,,,,,165,,Yes,Existing Gynoveda city,
Flowrence Hospital,Local Specialist,Rajkot,Rajkot,Gujarat,Tier-2,Rajkot Gujarat,22.3039,70.8022,,,,,,,Yes,Existing Gynoveda city,IVF success on par with global standards
Bliss IVF,Local Specialist,Rajkot,Gandhigram,Gujarat,Tier-2,4th Jasal Complex 150 Feet Ring Rd Gandhigram Rajkot 360006,22.3039,70.8022,,,,,,,Yes,Existing Gynoveda city,10+ years expertise
Progenesis IVF,Regional Chain,Solapur,Railway Lines,Maharashtra,Tier-2,Kasture Business Centre 3rd Floor Dufferin Chowk Solapur 413001,17.6599,75.9064,,,,,,,Yes,Existing Gynoveda city,
Indira IVF,National Chain,Solapur,Solapur,Maharashtra,Tier-2,Solapur Maharashtra,17.6599,75.9064,,,,,165,,Yes,Existing Gynoveda city,
Indira IVF,National Chain,Jalandhar,Jalandhar,Punjab,Tier-2,Jalandhar Punjab,31.3260,75.5762,,,,,165,,Yes,Existing Gynoveda city,
Nova IVF Fertility,National Chain,Jalandhar,Jalandhar,Punjab,Tier-2,Jalandhar Punjab,31.3260,75.5762,,,,,83,,Yes,Existing Gynoveda city,
Virk Infertility Research,Local Specialist,Jalandhar,Model Town,Punjab,Tier-2,Model Town Jalandhar,31.3260,75.5762,,,,,,,Yes,Existing Gynoveda city,Govt approved 2025 ART law
Vardaan Medical Centre,Local Specialist,Jalandhar,Jalandhar,Punjab,Tier-2,Jalandhar Punjab,31.3260,75.5762,,,,,,,Yes,Existing Gynoveda city,24+ years excellence
Sarab Healthcare,Local Specialist,Jalandhar,Jalandhar,Punjab,Tier-2,Jalandhar Punjab,31.3260,75.5762,,,,,,,Yes,Existing Gynoveda city,
MOM IVF Centre,Local Specialist,Jalandhar,Jalandhar,Punjab,Tier-2,Jalandhar Punjab,31.3260,75.5762,,,,,,,Yes,Existing Gynoveda city,
Janam Fertility,Local Specialist,Jalandhar,Jalandhar,Punjab,Tier-2,Jalandhar Punjab,31.3260,75.5762,,,,,,,Yes,Existing Gynoveda city,Affordable IVF
Aashakiran IVF,Regional Chain,Jalandhar,Jalandhar,Punjab,Tier-2,Jalandhar Punjab,31.3260,75.5762,,,,,,,Yes,Existing Gynoveda city,Punjabs No.1 IVF chain
Seeds of Innocens,Local Specialist,Dimapur,Dimapur,Nagaland,Tier-3,Dimapur Nagaland,25.9042,93.7271,120000,180000,,,,,Yes,Existing Gynoveda city,International fertility standards
Faith Hospital,Hospital Chain,Dimapur,Old Sewak Road,Nagaland,Tier-3,Old Sewak Road Dimapur,25.9042,93.7271,,,,,,,Yes,Existing Gynoveda city,First IVF centre in Nagaland
Fertilityworld,Local Specialist,Dimapur,Dimapur,Nagaland,Tier-3,Dimapur Nagaland,25.9042,93.7271,120000,150000,,,,,Yes,Existing Gynoveda city,Serves NE and neighboring countries
Gynoveda Ayurvedic Fertility,Local Specialist,Itanagar,E-Sector,Arunachal Pradesh,Tier-3,Shop D11 BB Plaza E-Sector Itanagar,27.0844,93.6053,,,,,,,Yes,Existing Gynoveda city,Ayurvedic fertility; IVF patients refer to Guwahati
Indira IVF,National Chain,Secunderabad,Secunderabad,Telangana,Metro,Secunderabad Hyderabad,17.4399,78.4983,120000,200000,12000,,165,,Yes,Existing Gynoveda city,Twin city with Hyderabad
Nova IVF Fertility,National Chain,Secunderabad,Secunderabad,Telangana,Metro,Secunderabad,17.4399,78.4983,,,,,83,,Yes,Existing Gynoveda city,
Indira IVF,National Chain,Goa,Panjim,Goa,Tier-1,Magnum Chambers Near St Inez Church St Inez Road Panjim 403001,15.4989,73.8278,150000,250000,15000,,165,Dr. Namrata Padvi,Yes,Existing Gynoveda city,10+ years experience
Goa IVF Centre,Local Specialist,Goa,Goa,Goa,Tier-1,Goa,15.4989,73.8278,90000,150000,,,,,Yes,Existing Gynoveda city,Top IVF fertility clinic in Goa
IVF Angels Goa,Local Specialist,Goa,Mapusa,Goa,Tier-1,Mapusa Goa,15.5937,73.8126,,,,,,Dr. Milind Colvalcar,Yes,Existing Gynoveda city,Serves Panaji Margao Ponda Vasco
Pai Hospital Vasco IVF,Hospital Chain,Goa,Vasco,Goa,Tier-1,Vasco da Gama Goa,15.3982,73.8113,,,,,,Dr. Mayur Pai,Yes,Existing Gynoveda city,One of best infertility centres in Goa
Goa Medical College IVF,Government,Goa,Bambolim,Goa,Tier-1,GMC Hospital Bambolim Goa,15.4549,73.8436,0,0,,2023,,,Yes,Existing Gynoveda city,Free IVF program by Goa government; 100+ couples enrolled
Vinsfertility,Local Specialist,Goa,Margao,Goa,Tier-1,Margao Goa,15.2832,73.9862,,,,,,,Yes,Existing Gynoveda city,IVF and surrogacy services in Margao
Nova IVF Fertility,National Chain,Guwahati,Rukminigaon,Assam,Tier-1,6th Floor 195 Dee Tee Tower Above Pantaloons Rukminigaon GS Road Guwahati 781006,26.1445,91.7362,150000,300000,,,83,Dr. Ratul Dutta,Yes,Existing Gynoveda city,21+ years experience; 85000+ IVF pregnancies
Birla Fertility & IVF,National Chain,Guwahati,ABC Bus Stop,Assam,Tier-1,Pushpanjali Arcade ABC Bus Stop GS Road Guwahati 781005,26.1445,91.7362,145000,500000,,2020,120,,Yes,Existing Gynoveda city,CK Birla Group; 140000+ IVF cycles; 95% satisfaction
Apollo Fertility,Hospital Chain,Guwahati,Christian Basti,Assam,Tier-1,4th Floor Reliance Trends Building GS Road Christian Basti Guwahati 781005,26.1445,91.7362,,,,,,,Yes,Existing Gynoveda city,4 fertility doctors on staff
Pratiksha Rainbow Hospital,Hospital Chain,Guwahati,Borbari,Assam,Tier-1,Mahapurush Madhabdev Path Borbari Guwahati 781036,26.1445,91.7362,,,,,,Dr. Rahman,Yes,Existing Gynoveda city,25+ years healthcare; IVF ICSI IUI Laser Assisted Hatching; 75% success rate
Dispur Polyclinic IVF Centre,Local Specialist,Guwahati,Hatigarh Chariali,Assam,Tier-1,Mother Teresa Rd above HDFC Bank Hatigarh Chariali Guwahati 781021,26.1445,91.7362,,,,2011,,Dr. Juri Khanikar,Yes,Existing Gynoveda city,IVF ICSI Vitrification Ovum Donation; serves NE India
Institute of Human Reproduction,Local Specialist,Guwahati,Bharalumukh,Assam,Tier-1,Bharalumukh Guwahati 781009,26.1445,91.7362,,,,,,,Yes,Existing Gynoveda city,Unit of Goenka Nursing Home; personalized fertility care
Janitva IVF,Local Specialist,Guwahati,Six Mile,Assam,Tier-1,GS Road Six Mile Guwahati 781022,26.1445,91.7362,,,,2016,,Dr. Arpita Sarmah,Yes,Existing Gynoveda city,State-of-the-art lab near Dispur
International Fertility Centre,Local Specialist,Guwahati,Guwahati,Assam,Tier-1,Guwahati Assam,26.1445,91.7362,,,,,,,Yes,Existing Gynoveda city,IVF ICSI IUI surrogacy fertility preservation
Genome Fertility,Regional Chain,Guwahati,Guwahati,Assam,Tier-1,Guwahati Assam,26.1445,91.7362,,,,,,,Yes,Existing Gynoveda city,Advanced reproductive technologies
